{
  "eval_loss": 0.4688307046890259,
  "eval_accuracy": 0.85,
  "eval_runtime": 4.7952,
  "eval_samples_per_second": 41.709,
  "eval_steps_per_second": 2.711,
  "epoch": 10.0,
  "training_time_seconds": 947.094938993454
}